[
  {
    "name": "ice_cream",
    "annotation": "topping planted inside a white, creamy and fluffy ice cream inside a cone"
  },
  {
    "name": "guacamole",
    "annotation": "guacamole with pomegranate seed, salad, piece of tomato, sliced parsley and onion in a yellow bowl with a spoon planted inside"
  },
  {
    "name": "crab_cakes",
    "annotation": "two fried crab cakes with corn, cabbage in salad in a plat"
  },
  {
    "name": "ice_cream",
    "annotation": "small chocolat cake in a cup, with biscuit topping planted inside, above tubs of ice cream with lots of different flavors"
  },
  {
    "name": "pizza",
    "annotation": "two slices of a pizza with peperoni and beef meat on a wooden table"
  },
  {
    "name": "french_fries",
    "annotation": "plat of french fries in on side and with lemon, onion, carrot and green bean in the other side"
  },
  {
    "name": "pizza",
    "annotation": "Delicious looking cheese pizza sliced in eight with another same pizza in background"
  },
  {
    "name": "deviled_eggs",
    "annotation": "four deviled eggs with mayonnaise aromatic herb and small chopped onion"
  },
  {
    "name": "samosa",
    "annotation": "Meat and onion samosa already eaten, with a little salad"
  },
  {
    "name": "prime_rib",
    "annotation": "medium cooked prime rib with green bean, mashed potato"
  },
  {
    "name": "prime_rib",
    "annotation": "fancy terrace of a restaurant during night"
  },
  {
    "name": "ice_cream",
    "annotation": "polaroid style photo of an ice cream looking like a rose, with ice cream written in italian (Gelato) at the bottom right"
  },
  {
    "name": "pizza",
    "annotation": "pizza with a thick crust sliced in eight with burrata cheese, tomato sauce and parsley"
  },
  {
    "name": "guacamole",
    "annotation": "guacamole a little too liquid with slice tomato, salad and olive"
  },
  {
    "name": "greek_salad",
    "annotation": "greek salad with tomato, onion, burrata cheese"
  },
  {
    "name": "crab_cakes",
    "annotation": "plat with fried potatos with cream sauce and two crab cakes separated by long green beans"
  },
  {
    "name": "french_fries",
    "annotation": "classic tray of french fries"
  },
  {
    "name": "crab_cakes",
    "annotation": "dark photo of crab cakes on salad, with two sauces nexto it, one creamy, one red"
  },
  {
    "name": "crab_cakes",
    "annotation": "crab cakes cut in half looking a bit creamy inside"
  },
  {
    "name": "french_toast",
    "annotation": "typical english breakfast with bacon, scrambled eggs, meat and butter sample to use for the french toast"
  },
  {
    "name": "crab_cakes",
    "annotation": "creamy sauce on two crab cakes with a potato pancake and sliced carrots"
  },
  {
    "name": "guacamole",
    "annotation": "bowl of guacamole with sliced tomatos and onion"
  },
  {
    "name": "french_toast",
    "annotation": "chantilly and sugar on a french toast"
  },
  {
    "name": "pizza",
    "annotation": "two tomate and cheese base pizza with ham and mushrooms"
  },
  {
    "name": "ice_cream",
    "annotation": "Ice cream looking like a flower, with vanilla ice cream and an orange one"
  },
  {
    "name": "guacamole",
    "annotation": "guacamole made of sliced tomatos, onions and aromatic herbs, on nachos, with a fork nexto them"
  },
  {
    "name": "french_fries",
    "annotation": "half a cup of french fries from burger king"
  },
  {
    "name": "deviled_eggs",
    "annotation": "one single deviled eggs with a slice of tomato, some creamy sauce and aromatic herb"
  },
  {
    "name": "french_toast",
    "annotation": "french toast with chantilly and caramel apples with everything mixed"
  },
  {
    "name": "greek_salad",
    "annotation": "greek salad with tomato, onion and burrata cheese with some crackers nexto it"
  },
  {
    "name": "deviled_eggs",
    "annotation": "deviled eggs with yellow sauce, upper something fried"
  },
  {
    "name": "deviled_eggs",
    "annotation": "four deviled eggs with mayonnaise separate by a cauliflower"
  },
  {
    "name": "deviled_eggs",
    "annotation": "three deviled eggs with sliced onions"
  },
  {
    "name": "greek_salad",
    "annotation": "greek salad with tomatos, onions, olives, bell pepper and burrata cheese"
  },
  {
    "name": "greek_salad",
    "annotation": "greek salad with tomatos, onions, olives and a lot of burrata cheese"
  },
  {
    "name": "french_fries",
    "annotation": "big homemade french fries, the salt is visible on it"
  },
  {
    "name": "samosa",
    "annotation": "classic samosa under a paper bag"
  },
  {
    "name": "guacamole",
    "annotation": "Bowl of classic guacamole with nachos and a cocktail"
  },
  {
    "name": "french_fries",
    "annotation": "french fries cut differently than usual, the salt is visible on it"
  },
  {
    "name": "french_toast",
    "annotation": "fancy french toast with a cup of tea, with some chantilly on a flan nexto a folk and a knife"
  },
  {
    "name": "pizza",
    "annotation": "delicious looking pizza with thick crust sliced in eight with cheese, tomato, olive and parsley"
  },
  {
    "name": "greek_salad",
    "annotation": "greek salad with only olive, tomatos, onions and bell pepper"
  },
  {
    "name": "ice_cream",
    "annotation": "scoop of white ice cream in a glass ice cream cup with a spoon in it"
  },
  {
    "name": "samosa",
    "annotation": "single samosa in a plat"
  },
  {
    "name": "prime_rib",
    "annotation": "Underdone prime rib in a plat during a party with a lot of bottles, waste of corn, empty ice cream cup"
  },
  {
    "name": "prime_rib",
    "annotation": "medium prime rib with corn, bread, mashed potato with meat sauce, two beer bottles and a plat of tortellini pasta"
  },
  {
    "name": "french_toast",
    "annotation": "french toast with a bottle of alcohol and a dessert"
  },
  {
    "name": "samosa",
    "annotation": "open samosa"
  },
  {
    "name": "prime_rib",
    "annotation": "Underdone prime rib with three sauces, two creamy on looking like BBQ sauce, with an open bread"
  },
  {
    "name": "samosa",
    "annotation": "five samosa with salad, pickles and tomato"
  }
]